phase,epoch,lr,loss,acc,time_sec
train_epoch,1,0.00299926,1.587889,,7.674
val_epoch,1,0.00299926,1.265045,0.619480,4.644
train_epoch,2,0.00299704,1.192256,,7.368
val_epoch,2,0.00299704,1.173440,0.665518,4.522
train_epoch,3,0.00299335,1.132172,,7.129
val_epoch,3,0.00299335,1.152542,0.672095,4.598
train_epoch,4,0.00298818,1.102281,,7.372
val_epoch,4,0.00298818,1.125484,0.684623,4.537
train_epoch,5,0.00298154,1.086082,,7.149
val_epoch,5,0.00298154,1.112673,0.696210,4.417
train_epoch,6,0.00297344,1.071426,,7.249
val_epoch,6,0.00297344,1.104017,0.696837,4.502
train_epoch,7,0.00296389,1.067863,,7.256
val_epoch,7,0.00296389,1.098844,0.697776,4.638
train_epoch,8,0.00295289,1.061273,,7.323
val_epoch,8,0.00295289,1.099999,0.698090,4.659
train_epoch,9,0.00294046,1.059268,,7.252
val_epoch,9,0.00294046,1.098403,0.698090,4.280
train_epoch,10,0.00292661,1.057273,,7.299
val_epoch,10,0.00292661,1.094368,0.693705,4.437
train_epoch,11,0.00291135,1.051122,,7.067
val_epoch,11,0.00291135,1.087782,0.704353,4.515
train_epoch,12,0.00289470,1.046232,,7.311
val_epoch,12,0.00289470,1.083270,0.708738,4.335
train_epoch,13,0.00287667,1.045925,,7.256
val_epoch,13,0.00287667,1.083689,0.707485,4.593
train_epoch,14,0.00285729,1.047227,,7.217
val_epoch,14,0.00285729,1.076269,0.712183,4.655
train_epoch,15,0.00283656,1.038659,,7.337
val_epoch,15,0.00283656,1.081792,0.707798,4.532
train_epoch,16,0.00281452,1.040768,,7.493
val_epoch,16,0.00281452,1.076767,0.708111,4.598
train_epoch,17,0.00279118,1.032989,,7.134
val_epoch,17,0.00279118,1.076197,0.713122,4.653
train_epoch,18,0.00276657,1.036632,,7.397
val_epoch,18,0.00276657,1.077100,0.711243,4.340
train_epoch,19,0.00274071,1.033567,,7.116
val_epoch,19,0.00274071,1.073654,0.713436,4.515
train_epoch,20,0.00271362,1.031463,,7.126
val_epoch,20,0.00271362,1.072067,0.715315,4.516
train_epoch,21,0.00268534,1.031094,,7.268
val_epoch,21,0.00268534,1.067087,0.717507,4.342
train_epoch,22,0.00265588,1.026716,,7.135
val_epoch,22,0.00265588,1.069625,0.714375,4.389
train_epoch,23,0.00262529,1.025689,,7.127
val_epoch,23,0.00262529,1.081354,0.710617,4.570
train_epoch,24,0.00259359,1.026648,,7.315
val_epoch,24,0.00259359,1.064456,0.718447,4.345
train_epoch,25,0.00256081,1.023557,,7.335
val_epoch,25,0.00256081,1.068195,0.717507,4.655
train_epoch,26,0.00252698,1.023864,,7.375
val_epoch,26,0.00252698,1.064753,0.715002,4.358
train_epoch,27,0.00249214,1.025406,,7.013
val_epoch,27,0.00249214,1.068047,0.713749,4.380
train_epoch,28,0.00245632,1.022308,,7.277
val_epoch,28,0.00245632,1.057642,0.720639,4.594
train_epoch,29,0.00241955,1.017917,,7.331
val_epoch,29,0.00241955,1.062928,0.715628,4.476
train_epoch,30,0.00238188,1.020576,,7.445
val_epoch,30,0.00238188,1.073620,0.708111,4.479
train_epoch,31,0.00234334,1.021327,,7.284
val_epoch,31,0.00234334,1.058249,0.721265,4.603
train_epoch,32,0.00230397,1.017789,,7.254
val_epoch,32,0.00230397,1.058279,0.720952,4.579
train_epoch,33,0.00226381,1.015060,,7.131
val_epoch,33,0.00226381,1.055654,0.720013,4.443
train_epoch,34,0.00222289,1.015261,,7.136
val_epoch,34,0.00222289,1.058645,0.717507,4.501
train_epoch,35,0.00218126,1.012371,,7.212
val_epoch,35,0.00218126,1.054313,0.721578,4.445
train_epoch,36,0.00213896,1.011012,,7.162
val_epoch,36,0.00213896,1.058602,0.713436,4.632
train_epoch,37,0.00209602,1.011728,,7.113
val_epoch,37,0.00209602,1.055906,0.720952,4.491
train_epoch,38,0.00205250,1.012141,,7.110
val_epoch,38,0.00205250,1.054421,0.723144,4.508
train_epoch,39,0.00200844,1.010131,,7.165
val_epoch,39,0.00200844,1.063312,0.706859,4.453
train_epoch,40,0.00196387,1.008822,,7.343
val_epoch,40,0.00196387,1.055025,0.721892,4.591
train_epoch,41,0.00191885,1.007134,,7.494
val_epoch,41,0.00191885,1.056415,0.720639,4.489
train_epoch,42,0.00187341,1.009952,,7.143
val_epoch,42,0.00187341,1.050317,0.723771,4.586
train_epoch,43,0.00182761,1.006814,,7.264
val_epoch,43,0.00182761,1.051999,0.722518,4.281
train_epoch,44,0.00178148,1.008109,,7.116
val_epoch,44,0.00178148,1.054282,0.715941,4.494
train_epoch,45,0.00173507,1.011058,,7.361
val_epoch,45,0.00173507,1.054286,0.716254,4.299
train_epoch,46,0.00168844,1.008464,,7.116
val_epoch,46,0.00168844,1.051632,0.717194,4.621
train_epoch,47,0.00164162,1.004800,,7.133
val_epoch,47,0.00164162,1.051226,0.721892,4.489
train_epoch,48,0.00159465,1.005545,,7.289
val_epoch,48,0.00159465,1.058093,0.721578,4.649
train_epoch,49,0.00154760,1.004920,,7.416
val_epoch,49,0.00154760,1.054702,0.716567,4.519
train_epoch,50,0.00150050,1.003149,,7.225
val_epoch,50,0.00150050,1.052245,0.722518,4.234
train_epoch,51,0.00145340,1.003993,,7.193
val_epoch,51,0.00145340,1.048143,0.725023,4.517
train_epoch,52,0.00140635,1.001519,,7.234
val_epoch,52,0.00140635,1.053384,0.718760,4.375
train_epoch,53,0.00135938,1.001812,,7.031
val_epoch,53,0.00135938,1.049236,0.722831,4.495
train_epoch,54,0.00131256,1.002734,,7.312
val_epoch,54,0.00131256,1.052128,0.720952,4.217
train_epoch,55,0.00126593,1.001182,,7.188
val_epoch,55,0.00126593,1.052007,0.717820,4.618
train_epoch,56,0.00121952,1.000666,,7.172
val_epoch,56,0.00121952,1.050512,0.721578,4.585
train_epoch,57,0.00117339,1.003805,,7.305
val_epoch,57,0.00117339,1.045751,0.721578,4.662
train_epoch,58,0.00112759,1.000057,,7.071
val_epoch,58,0.00112759,1.046961,0.725337,4.475
train_epoch,59,0.00108215,0.999767,,7.391
val_epoch,59,0.00108215,1.045062,0.722831,4.578
train_epoch,60,0.00103713,0.996970,,7.147
val_epoch,60,0.00103713,1.047070,0.722831,4.379
train_epoch,61,0.00099256,0.999542,,7.309
val_epoch,61,0.00099256,1.049395,0.716567,4.476
train_epoch,62,0.00094850,0.997020,,7.248
val_epoch,62,0.00094850,1.044550,0.724397,4.576
train_epoch,63,0.00090498,0.995987,,7.120
val_epoch,63,0.00090498,1.045802,0.725963,4.562
train_epoch,64,0.00086204,0.994166,,7.181
val_epoch,64,0.00086204,1.044436,0.724710,4.673
train_epoch,65,0.00081974,0.994982,,7.442
val_epoch,65,0.00081974,1.044644,0.723458,4.435
train_epoch,66,0.00077811,0.995818,,7.369
val_epoch,66,0.00077811,1.045799,0.722831,4.627
train_epoch,67,0.00073719,0.996307,,7.123
val_epoch,67,0.00073719,1.044509,0.725650,4.544
train_epoch,68,0.00069703,0.996308,,7.151
val_epoch,68,0.00069703,1.045793,0.722831,4.569
train_epoch,69,0.00065766,0.996096,,7.330
val_epoch,69,0.00065766,1.044071,0.724397,4.612
train_epoch,70,0.00061912,0.994306,,7.144
val_epoch,70,0.00061912,1.044041,0.725023,4.395
train_epoch,71,0.00058145,0.993934,,7.095
val_epoch,71,0.00058145,1.045256,0.720639,4.398
train_epoch,72,0.00054468,0.992915,,7.086
val_epoch,72,0.00054468,1.043550,0.724397,4.564
train_epoch,73,0.00050886,0.994174,,7.095
val_epoch,73,0.00050886,1.046172,0.720952,4.410
train_epoch,74,0.00047402,0.993406,,7.147
val_epoch,74,0.00047402,1.044833,0.726276,4.543
train_epoch,75,0.00044019,0.994000,,7.290
val_epoch,75,0.00044019,1.045294,0.723771,4.438
train_epoch,76,0.00040741,0.992007,,7.234
val_epoch,76,0.00040741,1.043778,0.724084,4.582
train_epoch,77,0.00037571,0.991219,,7.246
val_epoch,77,0.00037571,1.043941,0.720639,4.550
train_epoch,78,0.00034512,0.991971,,7.451
val_epoch,78,0.00034512,1.043287,0.723458,4.532
train_epoch,79,0.00031566,0.992722,,7.114
val_epoch,79,0.00031566,1.044234,0.724084,4.370
train_epoch,80,0.00028738,0.990737,,7.130
val_epoch,80,0.00028738,1.043418,0.725337,4.477
train_epoch,81,0.00026029,0.991929,,7.228
val_epoch,81,0.00026029,1.042540,0.722518,4.477
train_epoch,82,0.00023443,0.993122,,7.346
val_epoch,82,0.00023443,1.041794,0.724397,4.584
train_epoch,83,0.00020982,0.990996,,7.404
val_epoch,83,0.00020982,1.042055,0.723144,4.491
train_epoch,84,0.00018648,0.989581,,7.518
val_epoch,84,0.00018648,1.042077,0.724710,4.354
train_epoch,85,0.00016444,0.991939,,7.254
val_epoch,85,0.00016444,1.042925,0.724710,4.653
train_epoch,86,0.00014371,0.992184,,7.168
val_epoch,86,0.00014371,1.042419,0.723144,4.557
train_epoch,87,0.00012433,0.990265,,7.215
val_epoch,87,0.00012433,1.041821,0.725650,4.550
train_epoch,88,0.00010630,0.990606,,7.215
val_epoch,88,0.00010630,1.041909,0.723458,4.420
train_epoch,89,0.00008965,0.989082,,7.232
val_epoch,89,0.00008965,1.041827,0.724710,4.324
train_epoch,90,0.00007439,0.989816,,7.164
val_epoch,90,0.00007439,1.041768,0.723144,4.658
train_epoch,91,0.00006054,0.989720,,7.129
val_epoch,91,0.00006054,1.041930,0.723144,4.509
train_epoch,92,0.00004811,0.989316,,7.229
val_epoch,92,0.00004811,1.041639,0.723458,4.303
train_epoch,93,0.00003711,0.987894,,7.264
val_epoch,93,0.00003711,1.041610,0.724710,4.378
train_epoch,94,0.00002756,0.988943,,7.071
val_epoch,94,0.00002756,1.041684,0.724397,4.623
