seed,ssl_da_method,ssl_normalization,ssl_flips,ssl_rotations,ssl_crop_min,ssl_lr,ssl_wd,ssl_loss,lp_best_val_acc,lp_best_epoch,lp_test_acc,lp_test_loss,seed,ssl_time_sec,lp_time_sec,total_time_sec
2952,GA,IN,True,True,0.2,0.0001,0.05,1.592486395,0.687441276,60,0.695039459,0.93435142,2952,4372.699684,945.7679894,5318.516683
2952,GA,IN,True,True,0.2,0.0003,0.05,1.473173505,0.716254305,49,0.717587375,0.862968779,2952,6296.39652,1206.236873,7503.101499
2952,GA,IN,True,True,0.2,0.0005,0.05,1.437547666,0.725023486,82,0.734498309,0.824694803,2952,4360.176441,1178.113641,5538.341924
2952,GA,IN,True,True,0.2,0.0005,0.1,1.428669616,0.727215783,66,0.726606539,0.827814868,2952,6066.96338,1463.199569,7530.691325
2952,GA,IN,True,True,0.2,0.0007,0.05,1.439082399,0.713435639,79,0.717587373,0.861259455,2952,4396.666278,1176.268966,5572.994002
2952,GA,IN,True,True,0.2,0.0007,0.1,1.420876999,0.726902598,57,0.727170237,0.836464357,2952,6408.419188,1329.928934,7739.064451
2952,GA,IN,True,True,0.2,0.001,0.05,1.449116184,0.71594112,75,0.722096956,0.850246234,2952,4394.143603,1131.774103,5525.96699
2952,GA,IN,True,True,0.2,0.001,0.1,1.443805352,0.709364232,58,0.708568207,0.877879882,2952,6203.916339,1360.756016,7565.15766
2952,GA,IN,True,True,0.2,0.002,0.1,3.305175224,0.223300971,35,0.238444194,2.147382322,2952,6222.267357,971.5839696,7194.255711
